1,38.072,50.758
2,53.937,69.785
3,37.084,61.319
4,47.121,68.407
5,59.712,56.558
6,60.17,86.025
7,57.666,58.893
8,40.694,66.342
9,55.212,52.879
10,40.23,49.558
11,45.127,77.606
12,36.408,69.297
13,43.315,57.309
14,32.562,41.975
15,53.639,50.788
16,40.415,76.816
17,47.941,62.122
18,36.726,55.807
19,44.185,82.133
20,30.226,55.025
21,54.769,78.169
22,43.752,50.665
23,46.611,82.444
24,38.022,49.313
25,41.146,65.186
26,42.243,73.477
27,24.293,62.073
28,43.256,68.637
29,39.392,55.221
30,60.3,94.429
31,40.094,60.945
32,47.804,51.555
33,36.092,47.349
34,64.506,44.908
35,59.408,61.931
36,46.563,66.545
37,56.142,65.118
38,34.129,62.609
39,65.302,68.022
40,54.654,71.217
41,33.028,60.371
42,46.323,66.116
43,52.905,52.645
44,42.754,66.028
45,59.948,67.35
46,42.884,60.189
47,34.758,64.082
48,56.508,52.421
49,32.243,55.609
50,53.918,67.099
51,38.003,53.343
52,46.777,69.534
53,60.158,59.33
54,36.327,61.289
55,57.648,68.005
56,42.871,75.52
57,51.143,59.112
58,47.547,58.758
59,36.661,43.857
60,22.335,70.939
61,60.909,43.18
62,31.47,47.826
63,39.164,62.051
64,37.495,46.738
65,43.098,56.106
66,39.509,78.585
67,48.999,78.912
68,36.359,60.388
69,50.354,51.748
70,39.831,51.999
71,67.405,80.772
72,30.499,67.391
73,34.955,59.956
74,40.409,63.324
75,38.917,70.54
76,43.266,64.648
77,46.32,67.369
78,45.352,64.424
79,42.649,65.075
80,34.078,58.888
81,43.226,67.029
82,44.327,62.541
83,53.69,75.596
84,52.584,72.161
85,48.354,85.967
86,38.471,59.483
87,54.493,83.424
88,46.12,61.162
89,56.402,57.943
90,48.716,58.532
91,60.359,49.936
92,57.743,69.909
93,48.272,44.388
94,54.297,76.386
95,39.531,62.673
96,41.026,90.038
97,35.137,46.414
98,62.839,67.137
99,55.12,61.21
100,35.116,81.153
101,30.808,83.656
102,45.796,69.436
103,47.663,64.634
104,45.925,80.804
105,69.91,69.027
106,45.57,63.248
107,19.735,67.9
108,51.106,57.35
109,31.813,61.964
110,48.548,86.519
111,28.267,63.634
112,54.913,69.741
113,34.95,49.997
114,29.105,55.042
115,59.05,41.231
116,61.961,65.445
117,43.951,60.811
118,32.33,49.67
119,46.523,77.356
120,62.295,64.518
121,48.429,77.157
122,36.117,78.653
123,34.96,55.63
124,47.163,63.02
125,49.615,54.883
126,44.028,68.83
127,56.403,76.047
128,44.818,72.904
129,35.684,75.406
130,43.19,63.14
131,35.529,45.709
132,52.655,52.48
133,46.517,48.981
134,53.963,68.467
135,34.684,65.603
136,41.114,57.961
137,68.258,51.287
138,25.409,69.403
139,57.609,71.75
140,47.311,55.032
141,47.306,57.069
142,51.511,62.943
143,51.372,72.179
144,39.778,67.334
145,53.28,67.978
146,32.65,80.66
147,51.726,60.374
148,61.51,69.158
149,52.683,72.959
150,31.265,78.096
151,61.088,73.694
152,43.038,64.667
153,40.521,47.365
154,42.455,67.663
155,41.323,76.386
156,36.632,73.794
157,30.331,65.325
158,45.844,49.305
159,51.392,68.145
160,37.29,64.099
161,53.103,60.208
162,53.133,60.609
163,45.702,66.335
164,54.804,50.839
165,42.085,58.689
166,29.975,80.613
167,40.238,61.315
168,52.822,62.134
169,31.231,82.658
170,36.506,58.946
171,48.573,64.415
172,52.354,60.874
173,36.101,56.59
174,49.676,41.27
175,38.477,62.42
176,50.993,69.164
177,65.717,69.629
178,53.485,57.382
179,49.458,49.862
180,38.207,52.446
181,59.051,78.395
182,68.742,79.566
183,51.563,78.943
184,44.133,62.999
185,36.458,44.109
186,26.836,59.029
187,32.968,74.233
188,48.124,69.103
189,55.953,83.15
190,49.005,81.231
191,46.44,79.774
192,36.352,66.222
193,46.373,60.864
194,53.954,58.456
195,57.063,57.608
196,42.07,63.325
197,50.008,65.523
198,34.222,68.621
199,36.753,46.618
200,33.67,59.07
201,37.775,60.279
202,46.696,70.306
203,54.112,88.124
204,36.242,81.046
205,35.58,58.106
206,51.414,68.783
207,44.464,77.049
208,48.031,71.412
209,54.687,60.949
210,42.369,59.7
211,57.829,59.564
212,43.615,48.976
213,41.823,72.403
214,58.352,62.526
215,42.435,75.17
216,36.556,49.134
217,42.737,42.267
218,34.607,68.645
219,40.935,78.868
220,56.355,80.981
221,44.625,64.672
222,52.317,65.641
223,45.015,68.422
224,53.598,80.66
225,38.637,78.048
226,49.826,70.272
227,46.398,57.805
228,29.726,57.879
229,24.119,54.179
230,57.02,63.691
231,54.256,70.941
232,60.964,52.842
233,46.137,60.447
234,39.509,70.554
235,38.41,53.655
236,52.084,61.563
237,41.987,61.457
238,48.639,68.351
239,43.393,76.613
240,46.372,52.742
241,16.982,54.651
242,39.031,58.581
243,70.03,50.284
244,30.157,67.791
245,72.956,52.755
246,35.812,52.133
247,53.283,55.559
248,44.92,83.195
249,30.126,60.457
250,53.763,78.023
251,48.495,76.471
252,48.609,57.213
253,39.607,68.248
254,56.483,67.745
255,67.642,67.047
256,40.746,61.317
257,30.705,60.001
258,43.238,73.986
259,42.145,73.91
260,45.838,62.336
261,54.647,59.147
262,35.436,63.674
263,41.214,75.831
264,35.801,63.176
265,58.428,62.391
266,55.396,46.587
267,67.284,58.131
268,44.381,54.265
269,43.841,67.201
270,59.86,60.172
271,42.189,78.926
272,54.084,73.742
273,50.231,66.438
274,50.481,62.662
275,66.92,71.578
276,40.117,57.299
277,54.101,63.572
278,32.223,55.115
279,54.472,62.861
280,66.692,75.913
281,37.839,67.177
282,50.221,70.962
283,63.71,64.526
284,45.956,61.89
285,47.727,68.001
286,38.154,68.163
287,35.788,55.331
288,34.261,70.985
289,38.299,53.707
290,58.011,53.553
291,40.275,70.674
292,55.389,58.437
293,44.807,67.238
294,35.234,49.995
295,48.691,67.529
296,48.731,61.051
297,44.388,77.453
298,59.427,58.599
299,40.046,61.635
300,43.667,57.194
301,58.608,59.13
302,50.744,82.767
303,56.532,62.016
304,52.46,70.815
305,48.707,65.482
306,34.526,57.33
307,71.05,68.448
308,38.529,69.567
309,64.996,38.422
310,46.579,60.308
311,41.528,68.124
312,48.48,56.729
313,54.1,57.892
314,47.171,65.101
315,50.585,79.992
316,63.216,52.019
317,34.597,76.376
318,21.331,63.792
319,64.252,68.285
320,38.689,57.03
321,45.583,66.005
322,39.658,55.65
323,39.576,68.802
324,70.626,58.385
325,72.123,66.058
326,48.561,49.267
327,73.484,88.128
328,37.915,76.281
329,54.14,57.569
330,34.785,50.681
331,43.646,83.923
332,33.155,67.711
333,50.627,70.493
334,35.626,69.065
335,46.158,67.336
336,55.457,65.293
337,29.764,63.582
338,36.287,60.756
339,43.025,62.3
340,42.205,83.419
341,48.373,58.152
342,27.998,69.628
343,45.88,67.944
344,48.832,74.984
345,46.711,72.593
346,46.097,63.915
347,53.9,60.451
348,29.279,68.994
349,39.713,61.361
350,19.776,71.818
351,44.714,78.101
352,53.053,59.228
353,21.308,85.8
354,43.943,64.268
355,50.005,75.547
356,34.697,56.063
357,35.238,61.001
358,57.546,75.135
359,37.233,66.782
360,37.603,56.211
361,29.321,66.619
362,29.107,56.943
363,48.324,76.683
364,57.025,80.138
365,42.443,50.015
366,58.392,67.589
367,54.066,56.754
368,44.137,76.734
369,49.142,78.212
370,47.515,69.922
371,33.494,69.307
372,39.3,67.248
373,31.205,55.216
374,65.085,64.301
375,41.125,58.627
376,53.061,63.965
377,35.659,65.86
378,51.295,63.077
379,42.4,77.047
380,50.522,71.693
381,64.857,58.007
382,46.772,59.787
383,43.429,69.777
384,29.362,68.047
385,53.088,62.223
386,51.078,40.311
387,13.848,63.512
388,41.045,55.785
389,33.478,46.396
390,68.855,54.321
391,42.071,59.58
392,39.509,50.262
393,45.819,56.408
394,47.934,72.785
395,38.85,49.685
396,41.204,60.958
397,49.563,63.161
398,38.631,59.677
399,42.518,53.026
400,51.801,73.642
401,50.074,52.423
402,32.112,54.406
403,54.692,64.061
404,57.091,80.46
405,38.459,60.838
406,42.513,53.276
407,60.306,68.398
408,49.946,54.758
409,33.335,47.631
410,44.106,54.492
411,53.073,79.842
412,42.049,76.93
413,59.94,81.28
414,28.599,50.444
415,38.927,76.417
416,33.226,32.639
417,32.905,70.604
418,51.663,72.608
419,58.369,74.297
420,35.016,77.246
421,64.635,58.797
422,57.88,66.667
423,32.378,58.75
424,48.521,62.464
425,13.504,54.139
426,53.334,57.269
427,29.116,52.175
428,46.212,78.452
429,48.148,66.066
430,34.075,53.864
431,57.602,64.233
432,51.663,67.894
433,51.021,63.188
434,49.602,70.887
435,40.554,91.176
436,48.561,61.9
437,24.465,65.64
438,60.588,55.861
439,27.618,68.354
440,29.886,61.363
441,30.801,66.787
442,57.18,64.37
443,42.735,77.199
444,46.197,69.431
445,48.041,71.236
446,61.868,56.396
447,30.665,61.578
448,45.824,60.069
449,50.25,81.394
450,41.553,67.306
451,45.225,51.297
452,52.727,69.952
453,49.197,68.475
454,49.477,49.876
455,42.283,65.551
456,51.386,45.774
457,46.968,63.923
458,50.392,57.203
459,58.92,74.667
460,48.994,69.349
461,60.388,72.264
462,26.532,54.643
463,30.011,76.67
464,34.233,72.508
465,33.003,69.362
466,33.019,68.542
467,55.185,66.056
468,54.621,47.651
469,40.542,57.587
470,38.03,89.524
471,54.081,60.854
472,52.552,83.26
473,56.815,54.204
474,40.773,65.551
475,53.541,78.489
476,47.232,81.957
477,55.884,57.373
478,32.488,60.036
479,55.838,59.66
480,57.581,56.309
481,48.775,65.262
482,32.36,45.389
483,58.194,67.675
484,60.528,57.52
485,33.944,73.064
486,58.105,64.322
487,47.013,79.311
488,55.344,71.969
489,32.989,76.654
490,40.864,52.754
491,23.066,58.052
492,32.775,56.066
493,63.516,63.726
494,51.957,54.29
495,41.764,72.514
496,60.531,77.727
497,48.138,52.758
498,29.258,64.889
499,37.713,68.684
500,40.114,77.437
501,60.574,71.209
502,48.091,51.938
503,42.38,73.504
504,51.488,75.719
505,39.573,50.922
506,62.357,74.472
507,50.785,77.346
508,34.721,54.933
509,36.011,62.008
510,41.985,55.962
511,44.859,71.185
512,55.376,56.123
513,45.106,73.512
514,45.643,60.242
515,32.891,72.919
516,46.541,50.605
517,40.573,65.783
518,58.987,64.074
519,25.22,68.083
520,41.633,72.09
521,41.783,66.322
522,63.19,64.582
523,44.921,84.342
524,34.219,64.988
525,35.273,46.121
526,59.34,70.666
527,52.006,55.375
528,58.971,69.717
529,44.994,44.985
530,44.25,51.32
531,41.369,66.605
532,61.455,76.223
533,52.101,65.385
534,61.942,59.397
535,49.969,77.807
536,37.06,56.483
537,47.199,81.349
538,46.018,66.379
539,30.036,68.31
540,50.693,67.94
541,41.162,50.051
542,52.137,56.491
543,27.573,71.286
544,53.46,77.53
545,40.84,56.035
546,60.781,62.788
547,39.285,51.296
548,37.317,67.353
549,41.001,67.506
550,33.097,56.24
551,48.861,66.729
552,42.37,65.567
553,41.913,78.23
554,31.901,48.992
555,35.237,72.58
556,51.585,65.273
557,41.403,65.22
558,34.875,85.282
559,42.121,64.168
560,42.076,85.16
561,27.6,62.831
562,72.179,31.822
563,38.199,66.845
564,44.845,75.626
565,21.819,55.871
566,70.641,65.65
567,35.23,62.425
568,29.876,77.055
569,21.349,64.969
570,47.587,68.497
571,36.82,64.623
572,64.505,64.303
573,27.632,58.386
574,68.451,61.488
575,42.734,72.125
576,46.645,70.769
577,39.219,73.57
578,46.746,81.004
579,40.208,56.851
580,49.874,67.78
581,25.68,69.461
582,47.653,55.743
583,61.784,56.962
584,48.488,72.156
585,43.276,68.083
586,45.188,72.245
587,43.066,71.039
588,38.462,61.645
589,48.1,69.328
590,35.469,67.145
591,46.192,59.414
592,44.348,71.094
593,28.591,69.464
594,51.994,67.513
595,29.391,53.061
596,49.866,60.094
597,60.65,60.494
598,56.519,71.595
599,47.261,56.014
600,41.035,61.499
601,37.194,77.508
602,49.192,66.764
603,45.728,65.807
604,49.933,69.747
605,54.436,66.183
606,48.607,86.623
607,42.429,55.973
608,48.332,39.26
609,53.025,62.819
610,75.89,77.997
611,56.989,71.296
612,47.653,48.342
613,51.091,79.027
614,47.227,45.925
615,46.766,49.012
616,39.911,72.412
617,45.77,69.269
618,48.989,59.868
619,51.621,60.474
620,46.134,51.5
621,37.272,60.645
622,64.94,56.332
623,25.495,74.751
624,36.224,76.164
625,59.21,65.41
626,53.61,55.974
627,43.38,48.463
628,46.101,59.681
629,54.154,63.892
630,57.836,80.091
631,55.941,68.921
632,34.525,62.283
633,28.057,50.17
634,47.305,62.819
635,56.764,60.118
636,48.468,61.275
637,52.64,55.672
638,24.545,61.742
639,43.892,45.809
640,41.295,78.111
641,42.695,74.87
642,41.536,69.659
643,34.214,72.385
644,46.109,73.378
645,48.364,79.654
646,60.261,60.212
647,33.087,53.465
648,55.305,68.991
649,28.866,48.681
650,42.658,53.179
651,49.568,57.182
652,45.165,66.445
653,52.577,73.44
654,49.04,79.823
655,48.102,46.396
656,39.821,61.389
657,46.486,65.975
658,51.893,71.604
659,40.465,72.839
660,42.583,79.999
661,32.342,62.821
662,45.941,41.793
663,64.136,46.328
664,43.351,57.724
665,61.149,58.756
666,29.652,65.7
667,44.47,55.855
668,51.923,75.054
669,49.162,76.885
670,42.612,61.602
671,50.552,52.533
672,41.984,56.761
673,33.009,72.68
674,46.478,67.96
675,51.707,57.711
676,67.103,57.897
677,35.732,68.074
678,51.771,57.525
679,31.038,81.054
680,46.786,56.022
681,54.067,85.108
682,43.007,70.157
683,41.325,70.398
684,61.7,57.057
685,56.72,77.589
686,38.09,63.112
687,50.571,47.009
688,51.511,48.446
689,61.349,79.963
690,33.476,60.682
691,35.755,53.273
692,32.213,56.679
693,40.147,67.85
694,39.63,49.877
695,63.083,73.226
696,45.195,72.397
697,48.343,56.642
698,43.808,58.438
699,47.61,61.292
700,41.989,62.107
701,40.26,63.586
702,52.388,70.909
703,41.568,61.261
704,58.814,61.457
705,50.049,69.927
706,39.027,61.603
707,54.738,54.025
708,64.056,85.568
709,35.604,50.895
710,34.8,66.69
711,36.727,56.262
712,63.092,69.825
713,44.937,58.5
714,54.233,69.643
715,35.571,56.211
716,51.661,73.99
717,50.234,69.763
718,41.83,64.345
719,40.231,55.736
720,48.192,69.039
721,41.103,57.642
722,43.089,60.266
723,36.013,68.394
724,52.071,66.184
725,67.603,62.553
726,21.053,70.597
727,74.043,56.139
728,60.306,61.068
729,65.128,59.911
730,38.734,63.552
731,41.491,69.11
732,61.769,57.325
733,51.678,82.047
734,63.46,58.005
735,42.716,71.919
736,40.453,58.266
737,57.779,66.286
738,48.709,66.256
739,42.46,56.503
740,27.792,81.729
741,45.914,68.12
742,50.485,58.178
743,51.604,55.943
744,34.191,63.663
745,52.427,50.829
746,42.084,64.334
747,44.627,51.693
748,50.287,57.93
749,24.455,33.981
750,41.576,64.674
751,33.463,64.259
752,56.091,63.339
753,27.148,67.481
754,40.209,71.801
755,46.579,67.805
756,37.865,65.398
757,46.849,72.485
758,35.23,78.881
759,50.37,64.341
760,37.489,49.804
761,62.45,57.562
762,31.733,57.654
763,44.977,72.404
764,56.775,67.182
765,63.637,73.139
766,52.293,62.551
767,52.878,68.833
768,52.826,63.977
769,41.165,60.986
770,86.974,73.26
771,35.878,68.118
772,27.968,65.652
773,35.229,63.478
774,43.822,58.636
775,33.457,85.299
776,48.415,64.057
777,46.447,60.147
778,46.028,69.33
779,51.529,59.241
780,45.748,65.99
781,55.982,68.542
782,54.364,49.406
783,49.227,61.873
784,35.443,60.234
785,43.476,70.644
786,33.459,70.415
787,50.305,65.849
788,39.967,74.729
789,36.227,83.085
790,47.573,68.535
791,38.319,73.859
792,37.748,64.939
793,53.783,58.559
794,31.71,58.426
795,52.531,58.672
796,43.546,64.279
797,49.152,62.54
798,36.53,72.335
799,57.359,81.1
800,35.473,71.297
801,48.946,66.237
802,56.56,53.472
803,36.369,49.091
804,46.886,51.915
805,37.048,68.663
806,53.285,55.178
807,44.225,72.213
808,54.797,55.559
809,38.295,65.463
810,49.164,69.708
811,47.969,76.318
812,54.147,55.837
813,42.31,64.424
814,48.498,67.023
815,42.254,82.357
816,56.58,73.258
817,35.324,60.132
818,33.471,83.849
819,38.531,85.624
820,52.989,68.579
821,38.6,74.395
822,42.326,54.827
823,49.897,61.506
824,30.507,73.436
825,57.96,78.611
826,43.304,56.841
827,58.358,55.494
828,38.105,59.706
829,62.185,44.373
830,56.808,64.346
831,46.57,88.399
832,28.119,67.957
833,42.535,70.059
834,42.421,76.408
835,38.536,56.956
836,53.029,83.768
837,35.514,66.237
838,37.188,62.103
839,32.093,59.579
840,41.442,59.875
841,54.66,49.529
842,49.335,57.558
843,60.125,72.525
844,48.987,71.434
845,49.359,63.173
846,49.419,53.924
847,41.224,76.72
848,46.342,70.271
849,35.631,65.257
850,48.916,85.994
851,36.909,78.918
852,34.591,63.204
853,31.634,70.917
854,46.256,76.353
855,48.437,64.238
856,34.83,69.728
857,29.77,77.02
858,45.664,79.294
859,45.051,66.582
860,36.877,74.081
861,40.493,70.618
862,51.531,64.372
863,36.79,76.085
864,51.883,64.703
865,51.654,55.856
866,43.006,55.035
867,54.06,53.59
868,55.501,76.847
869,50.345,53.446
870,42.584,78.958
871,36.722,70.454
872,44.035,63.826
873,58.073,64.32
874,44.209,70.103
875,35.346,61.419
876,69.903,57.275
877,51.558,67.553
878,43.388,69.868
879,41.051,70.534
880,41.23,72.392
881,45.34,63.982
882,50.029,56.419
883,39.085,84.353
884,26.978,57.567
885,44.188,64.074
886,40.39,64.117
887,53.491,63.631
888,61.942,60.536
889,50.061,56.906
890,40.658,48.235
891,55.844,73.127
892,51.561,63.624
893,43.178,68.856
894,58.642,58.817
895,28.196,52.888
896,30.881,61.387
897,42.153,68.225
898,44.552,78.936
899,39.134,47.368
900,34.835,72.863
901,84.191,110.01
902,84.329,130.09
903,67.441,116.67
904,73.609,118.75
905,88.686,125.54
906,84.723,137.29
907,67.855,113.35
908,91.553,111.32
909,65.063,103.35
910,86.453,132.01
911,69.543,105.28
912,81.111,100.35
913,79.731,121.14
914,91.902,98.414
915,71.511,117.02
916,72.664,114
917,75.223,96.768
918,61.764,126.08
919,78.313,120.04
920,82.665,112.45
921,93.762,104.8
922,89.641,107.19
923,91.593,126.58
924,70.638,116.94
925,104.81,103.41
926,74.227,109.08
927,78.418,127.78
928,80.424,106.05
929,68.446,106.47
930,79.853,103.01
931,88.936,105.53
932,82.059,124.19
933,80.433,112.97
934,89.325,121
935,90.935,106.03
936,80.003,114.17
937,74.542,107.12
938,62.891,114.18
939,63.227,101.08
940,60.603,112.45
941,81.184,123.46
942,71.588,127.17
943,64.129,98.063
944,75.838,102.7
945,76.054,133.05
946,90.456,103.35
947,94.99,113.52
948,83.313,101.8
949,82.058,124.08
950,87.186,114.58
951,94.012,116.88
952,67.051,115.89
953,68.635,97.246
954,95.219,129.16
955,76.665,135.8
956,71.827,121.83
957,85.355,129.29
958,93.813,109.62
959,72.071,105.27
960,69.889,102.84
961,74.753,122.92
962,80.302,107.38
963,79.409,116.64
964,72.251,100.25
965,71.66,94.162
966,80.189,128.18
967,78.353,122.87
968,95.728,125.65
969,77.774,128.69
970,75.486,112.3
971,82.186,103.03
972,68.892,104.17
973,67.035,126.25
974,83.261,121.14
975,79.631,117.05
976,79.204,111.59
977,70.457,108.82
978,72.085,122
979,91.932,117.08
980,66.01,121.8
981,76.174,104.23
982,76.512,115.16
983,80.842,113.17
984,80.958,119.1
985,85.347,106.57
986,60.183,117.49
987,77.573,102.42
988,72.971,119.02
989,75.839,103.22
990,75.428,100.07
991,69.856,112.86
992,68.445,100.98
993,71.124,132.57
994,72.992,117.63
995,80.043,123.95
996,83.665,113.8
997,82.36,113.66
998,107.56,107.92
999,64.929,100.33
1000,83.199,95.396
1001,71.155,122.99
1002,71.448,93.652
1003,58.183,107.2
1004,75.261,89.641
1005,58.776,101.37
1006,66.378,99.653
1007,63.409,92.213
1008,69.391,103.8
1009,84.88,101.79
1010,41.991,93.795
1011,58.546,103.34
1012,73.375,107.06
1013,77.547,99.989
1014,67.137,92.407
1015,68.554,109.63
1016,68.68,80.994
1017,78.046,87.467
1018,60.814,81.245
1019,56.565,117.11
1020,42.27,106.19
1021,60.285,76.792
1022,62.776,83.832
1023,58.463,109.31
1024,63.414,104.26
1025,49.713,99.61
1026,63.503,96.222
1027,52.831,94.353
1028,63.042,99.387
1029,63.952,90.607
1030,74.689,91.472
1031,47.695,89.505
1032,85.787,94.417
1033,44.086,87.07
1034,45.02,84.013
1035,64.011,84.208
1036,64.476,88.699
1037,66.155,108.96
1038,52.069,70.398
1039,56.973,97.313
1040,58.585,85.377
1041,54.521,100.45
1042,61.509,93.935
1043,71.52,84.166
1044,74.807,87.923
1045,82.933,80.366
1046,60.524,104.41
1047,64.385,97.373
1048,82.9,84.38
1049,69.323,88.542
1050,68.692,99.926
1051,59.795,117.2
1052,53.709,109.33
1053,74.971,119.7
1054,73.471,103.89
1055,75.558,105.86
1056,61.021,114.95
1057,70.818,97.654
1058,68.851,106.85
1059,74.344,107.26
1060,60.333,106.98
1061,68.611,102.21
1062,54.508,104.71
1063,51.519,112.8
1064,73.748,92.576
1065,62.537,108.94
1066,72.564,107.69
1067,80.416,81.796
1068,58.556,97.523
1069,65.963,76.975
1070,64.986,94.81
1071,55.555,85.443
1072,55.345,99.575
1073,47.449,90.366
1074,62.534,103.53
1075,51.81,94.804
1076,62.83,94.042
1077,62.42,83.532
1078,65.758,105.43
1079,46.176,95.867
1080,48.559,107.72
1081,41.264,79.023
1082,53.708,102.31
1083,72.434,118.63
1084,64.154,99.284
1085,59.175,104.57
1086,67.081,90.844
1087,66.275,107.86
1088,72.394,99.629
1089,73.534,85.033
1090,65.953,110.28
1091,53.574,115.28
1092,58.21,108.41
1093,62.547,97.254
1094,63.542,107.29
1095,65.147,102.22
1096,62.309,94.78
1097,73.059,96.093
1098,66.675,102.22
1099,62.794,82.738
1100,66.445,89.197
1101,64.678,94.29
1102,71.594,108.65
1103,61.461,100.08
1104,76.265,102.82
1105,72.052,105.5
1106,62.317,106.49
1107,64.246,88.477
1108,60.887,98.916
1109,64.146,102.45
1110,55.522,112.24
1111,64.108,83.682
1112,48.349,94.251
1113,64.966,99.389
1114,63.652,100.11
1115,54.384,105.53
1116,82.786,77.491
1117,54.34,102.09
1118,63.926,99.438
1119,52.677,105.38
1120,55.597,72.867
1121,43.887,95.188
1122,60.845,90.013
1123,63.578,108.06
1124,82.673,113.56
1125,59.685,89.436
1126,68.94,96.682
1127,87.981,118.71
1128,59.983,104.35
1129,68.675,94.152
1130,60.516,88.064
1131,74.321,95.634
1132,69.14,85.268
1133,69.306,89.079
1134,81.785,74.373
1135,47.406,97.874
1136,65.228,100.24
1137,42.336,108.78
1138,62.095,99.005
1139,54.545,95.186
1140,69.811,90.335
1141,60.314,99.648
1142,58.313,103.61
1143,70.034,105.33
1144,66.201,103.01
1145,80.784,112.31
1146,74.953,89.693
1147,60.041,99.519
1148,56.261,114.71
1149,68.944,110.5
1150,58.734,85.9
1151,63.764,106.69
1152,58.146,104.57
1153,58.662,95.8
1154,51.883,82.268
1155,54.273,105.33
1156,57.137,99.961
1157,70.337,107.17
1158,54.188,117.44
1159,60.922,102.11
1160,76.294,94.503
1161,84.384,98.912
1162,66.758,106.46
1163,61.926,82.121
1164,53.631,118.47
1165,51.524,98.145
1166,57.324,99.943
1167,47.547,103.8
1168,59.008,85.684
1169,44.606,85.626
1170,67.033,103.43
1171,56.998,95.551
1172,66.604,100.25
1173,69.925,93.087
1174,73.501,99.624
1175,76.492,80.079
1176,65.676,94.932
1177,50.994,92.682
1178,62.432,96.016
1179,49.774,102.06
1180,65.41,88.957
1181,59.227,96.212
1182,61.462,106.33
1183,66.781,104.92
1184,55.783,112.01
1185,57.332,99.318
1186,61.628,96.396
1187,63.802,78.944
1188,57.487,89.568
1189,60.282,90.464
1190,59.29,111.63
1191,50.324,90.975
1192,66.018,111.62
1193,53.621,88.74
1194,74.544,76.598
1195,77.475,91.035
1196,69.684,115.39
1197,59.402,94.509
1198,55.799,96.241
1199,86.017,90.678
1200,53.484,78.33
1201,59.676,126.27
1202,41.944,98.333
1203,66.459,90.93
1204,60.48,107.56
1205,68.799,110.73
1206,62.694,97.779
1207,66.605,90.595
1208,72.182,105.21
1209,48.837,86.103
1210,53.903,92.136
1211,63.205,99.967
1212,69.985,91.613
1213,62.371,85.291
1214,63.281,98.036
1215,63.442,86.781
1216,60.661,98.734
1217,61.11,83.897
1218,71.285,80.49
1219,72.297,102.16
1220,45.481,113.59
1221,75.9,97.663
1222,62.171,99.653
1223,69.239,104.03
1224,61.696,123.08
1225,63.795,88.754
1226,65.847,96.799
1227,88.719,92.46
1228,55.248,106.19
1229,60.505,111.15
1230,69.196,102.37
1231,69.939,89.999
1232,53.829,98.558
1233,76.36,91.762
1234,71.154,107.74
1235,56.212,77.88
1236,52.92,116.04
1237,60.647,95.994
1238,58.935,116.82
1239,70.7,103.47
1240,48.771,101.45
1241,64.925,96.762
1242,57.455,99.323
1243,53.776,91.581
1244,49.144,105.58
1245,70.218,90.681
1246,78.788,96.979
1247,66.299,95.98
1248,63.872,66.316
1249,72.884,71.453
1250,43.559,96.02
1251,48.061,83.758
1252,49.016,94.764
1253,60.254,104.31
1254,76.37,92.562
1255,61.849,95.976
1256,62.519,100.66
1257,60.02,108.51
1258,73.749,95.245
1259,58.705,97.496
1260,67.444,106.48
1261,77.817,100.41
1262,68.882,102.42
1263,62.536,104.04
1264,67.802,89.212
1265,52.918,110.56
1266,48.378,103.61
1267,64.216,103.28
1268,74.484,107.01
1269,82.852,99.616
1270,74.705,86.818
1271,70.92,85.158
1272,64.992,104.34
1273,76.389,110.6
1274,73.137,97.471
1275,66.559,89.078
1276,67.488,112.63
1277,50.925,106.88
1278,59.571,111.47
1279,58.298,104.08
1280,74.5,102.7
1281,72.047,104.28
1282,61.219,95.448
1283,58.588,83.724
1284,50.653,100.12
1285,64.23,92.651
1286,55.009,85.29
1287,69.497,94.932
1288,48.128,84.546
1289,54.508,74.048
1290,55.441,109.15
1291,73.47,95.496
1292,76.024,87.19
1293,69.285,103.75
1294,44.909,99.496
1295,61.161,95.997
1296,55.706,92.865
1297,53.588,113.08
1298,65.877,103.6
1299,64.169,89.857
1300,63.407,95.963
1301,50.98,93.999
1302,62.861,104.4
1303,67.069,97.018
1304,64.274,86.033
1305,52.505,89.076
1306,65.725,91.066
1307,78.89,96.754
1308,66.437,84.54
1309,68.216,95.236
1310,44.469,89.973
1311,63.818,102.64
1312,57.897,103.74
1313,61.824,93.306
1314,62.813,100.82
1315,65.255,101.65
1316,67.365,88.88
1317,54.582,94.54
1318,58.251,92.152
1319,73.776,113.22
1320,69.641,76.811
1321,73.718,92.066
1322,72.078,98.129
1323,49.632,103.2
1324,71.796,77.621
1325,45.2,112.12
1326,67.41,92.046
1327,86.888,87.979
1328,56.571,102.85
1329,67.852,101.17
1330,66.815,96.736
1331,55.163,97.715
1332,57.768,94.574
1333,50.02,99.167
1334,59.849,85.012
1335,59.168,107.05
1336,77.35,90.943
1337,70.117,116.19
1338,80.423,71.305
1339,75.18,104.11
1340,74.859,106.52
1341,72.032,99.341
1342,68.43,98.777
1343,56.16,106.8
1344,51.074,99.444
1345,60.392,99.046
1346,64.716,93.867
1347,55.798,112.66
1348,71.738,88.544
1349,78.617,96.069
1350,49.596,93.899
1351,65.086,79.122
1352,75.212,91.755
1353,59.555,101.32
1354,54.438,89.334
1355,63.873,108.9
1356,48.971,107.06
1357,58.188,86.835
1358,53.723,92.499
1359,64.993,89.875
1360,53.885,98.035
1361,78.634,90.227
1362,60.708,93.486
1363,50.179,112.23
1364,78.744,74.896
1365,48.664,97.536
1366,40.01,107.39
1367,66.951,100.04
1368,61.807,92.424
1369,63.304,94.305
1370,62.787,96.065
1371,86.904,95.325
1372,71.881,106.82
1373,81.403,118.28
1374,62.707,103.79
1375,70.591,90.551
1376,67.846,91.343
1377,44.278,89.898
1378,79.598,104.83
1379,60.48,96.397
1380,72.16,85.122
1381,60.663,96.069
1382,64.861,102.41
1383,74.731,105.7
1384,70.648,97.087
1385,58.174,95.002
1386,68.442,123.85
1387,86.149,109.53
1388,65.086,93.223
1389,69.015,97.379
1390,65.118,105.6
1391,49.511,103.87
1392,51.679,106.4
1393,52.988,95.676
1394,46.975,92.694
1395,77.477,107.48
1396,48.668,95.62
1397,59.404,102.52
1398,60.766,87.952
1399,67.497,92.934
1400,64.213,106.44
1401,37.469,101.27
1402,49.006,97.303
1403,70.846,90.468
1404,67.965,120.81
1405,75.123,104.78
1406,57.273,104.02
1407,59.363,102.95
1408,43.33,101.21
1409,81.245,93.458
1410,51.142,115.07
1411,63.837,99.212
1412,52.58,90.326
1413,64.687,95.748
1414,42.345,88.816
1415,62.11,98.986
1416,53.06,98.574
1417,53.119,87.142
1418,49.802,108.78
1419,64.45,95.781
1420,62.841,88.98
1421,82.784,100.26
1422,68.448,103.82
1423,81.416,97.58
1424,59.469,104.33
1425,70.393,93.896
1426,78.977,114.72
1427,48.907,90.431
1428,79.322,94.584
1429,82.477,93.725
1430,59.049,73.221
1431,57.62,114.2
1432,63.564,99.776
1433,46.057,82.837
1434,72.644,88.025
1435,45.871,98.367
1436,64.12,94.799
1437,78.276,91.325
1438,68.419,108.31
1439,65.59,87.274
1440,82.786,93.978
1441,69.417,91.721
1442,36.429,96.036
1443,73.947,95.932
1444,69.097,86.226
1445,57.898,110.07
1446,49.315,88.996
1447,53.893,118.23
1448,66.235,85.737
1449,67.944,89.633
1450,68.222,119.58
1451,30.826,78.479
1452,56.076,111.86
1453,75.047,101.56
1454,64.676,99.359
1455,78.848,106.58
1456,59.045,88.415
1457,59.286,99.102
1458,68.729,89.072
1459,62.055,93.942
1460,43.273,87.627
1461,50.34,90.37
1462,69.135,94.691
1463,67.97,104.99
1464,69.391,106.49
1465,70.082,99.21
1466,59.539,99.51
1467,61.753,100.35
1468,65.649,96.299
1469,46.096,109.34
1470,65.449,83.218
1471,56.496,110.33
1472,70.073,94.738
1473,47.961,92.324
1474,68.488,104.86
1475,82.204,107.74
1476,67.01,89.528
1477,66.686,122.66
1478,64.871,90.922
1479,66.73,85.001
1480,61.526,115.76
1481,76.425,112.63
1482,62.337,90.299
1483,59.666,90.515
1484,64.969,100.31
1485,58.252,99.785
1486,56.561,98.854
1487,56.071,88.416
1488,71.443,90.909
1489,63.75,107.1
1490,73.358,93.574
1491,67.573,117.78
1492,47.527,107.58
1493,77.203,102.62
1494,64.304,105.87
1495,60.414,110.93
1496,49.862,94.375
1497,62.551,82.229
1498,70.006,92.659
1499,61.124,96.13
1500,60.525,119.65
1501,62.206,101.21
1502,75.362,97.994
1503,68.032,86.692
1504,63.869,77.846
1505,71.083,107.4
1506,77.875,105.85
1507,47.573,110.18
1508,58.008,96.033
1509,66.441,104.26
1510,66.162,86.035
1511,57.243,101.93
1512,66.583,95.57
1513,59.356,106.92
1514,58.183,94.002
1515,67.518,107.34
1516,77.391,76.309
1517,68.867,126.31
1518,62.091,105.78
1519,50.799,97.749
1520,56.065,117.48
1521,46.546,94.198
1522,66.464,103.72
1523,58.427,93.082
1524,57.193,110.59
1525,33.887,107.44
1526,79.591,103.01
1527,70.382,95.874
1528,61.495,99.463
1529,75.513,106.06
1530,67.546,96.884
1531,67.038,92.626
1532,59.416,95.977
1533,73.314,100.41
1534,53.723,92.847
1535,52.878,100.22
1536,82.268,108.3
1537,58.041,100.2
1538,67.873,82.209
1539,52.247,90.737
1540,73.046,92.457
1541,70.977,108.39
1542,52.613,109.92
1543,53.893,100.37
1544,54.744,97.715
1545,59.604,95.837
1546,70.784,92.407
1547,46.227,96.478
1548,74.38,104.01
1549,54.36,102.87
1550,69.777,104.42
1551,67.152,85.766
1552,64.438,93.114
1553,76.779,94.548
1554,56.769,118.59
1555,58.797,94.521
1556,53.538,111.96
1557,69.229,73.536
1558,62.679,101.87
1559,59.819,91.387
1560,57.272,87.929
1561,65.328,102.12
1562,69.335,102.29
1563,76.534,90.141
1564,63.611,89.211
1565,73.621,79.452
1566,59.478,117.34
1567,75.39,103.54
1568,53.018,114.32
1569,62.01,89.873
1570,45.719,106.99
1571,84.24,104.89
1572,62.184,104.66
1573,67.69,96.936
1574,81.047,108.76
1575,74.256,100.33
1576,69.921,122.38
1577,69.253,105.07
1578,75.405,105.73
1579,63.289,92.289
1580,67.738,102.29
1581,66.154,104.66
1582,67.858,116.73
1583,65.864,106.91
1584,79.253,97.545
1585,74.624,106.15
1586,67.767,100.49
1587,71.911,105.61
1588,43.235,98.031
1589,41.984,109.8
1590,39.338,107.84
1591,72.4,86.882
1592,64.665,106.51
1593,82.229,113.68
1594,81.473,92.633
1595,85.367,89.959
1596,44.855,93.86
1597,63.389,100.32
1598,63.742,86.659
1599,81.009,81.83
1600,68.355,80.832
1601,89.661,89.653
1602,56.776,101.48
1603,71.091,103.89
1604,63.083,90.449
1605,52.589,97.196
1606,66.58,104.95
1607,76.308,75.983
1608,51.871,90.902
1609,79.408,101.59
1610,52.475,71.197
1611,56.296,106.44
1612,61.729,95.596
1613,55.294,92.97
1614,55.415,87.443
1615,68.763,103.38
1616,56.826,98.168
1617,45.675,93.224
1618,36.199,99.139
1619,52.506,94.288
1620,68.703,95.314
1621,66.702,100.49
1622,52.531,105.01
1623,57.587,93.277
1624,74.845,100.97
1625,69.432,94.382
1626,70.372,102.45
1627,51.528,107.99
1628,76.743,100.21
1629,52.916,102.07
1630,74.858,107.08
1631,47.653,99.971
1632,68.077,103.13
1633,57.092,98.974
1634,72.696,106.63
1635,66.081,94.203
1636,59.455,89.923
1637,68.955,89.091
1638,57.863,100.43
1639,54.352,104.54
1640,51.857,109.2
1641,61.016,84.005
1642,62.331,100.02
1643,68.437,92.363
1644,44.142,78.868
1645,75.648,110.73
1646,59.581,78.922
1647,59.922,103.58
1648,40.711,103.95
1649,66.159,93.234
1650,70.189,99.862
1651,66.734,101.97
1652,69.893,104.57
1653,65.873,82.293
1654,63.535,100.73
1655,71.314,93.048
1656,61.056,84.262
1657,45.178,107.1
1658,79.942,125.55
1659,57.753,94.726
1660,56.979,91.783
1661,63.91,104.19
1662,56.72,96.277
1663,72.147,103.17
1664,71.617,104.29
1665,51.119,84.331
1666,43.432,90.46
1667,73.937,113.18
1668,45.291,114.66
1669,66.51,97.554
1670,83.111,97.986
1671,84.216,108.81
1672,71.336,80.196
1673,56.394,104.82
1674,52.345,98.856
1675,77.387,119.37
1676,57.713,96.47
1677,63.339,96.227
1678,85.242,90.578
1679,63.15,95.585
1680,61.717,109.15
1681,62.126,99.636
1682,74.698,102.28
1683,48.688,79.273
1684,70.943,82.088
1685,90.883,99.984
1686,49.551,89.804
1687,69.294,86.393
1688,54.529,101.2
1689,80.782,102.39
1690,61.04,106.43
1691,60.715,90.815
1692,85.577,99.832
1693,51.86,90.225
1694,64.622,97.108
1695,46.75,107
1696,69.858,93.246
1697,60.576,101.87
1698,79.431,103.47
1699,46.423,101.5
1700,67.278,96.301
1701,63.887,112.01
1702,58.15,108.21
1703,47.178,94.473
1704,64.706,98.558
1705,59.333,81.507
1706,62.015,86.295
1707,67.82,106.23
1708,63.073,92.917
1709,53.902,118.44
1710,59.81,90.526
1711,66.038,96.547
1712,55.795,103.2
1713,60.483,102.45
1714,68.292,115.73
1715,58.242,94.932
1716,61.396,102.38
1717,57.792,94.694
1718,71.434,85.132
1719,82.014,104.75
1720,58.532,102.11
1721,63.902,113.32
1722,64.531,81.034
1723,58.526,122.72
1724,50.843,99.091
1725,66.603,101.2
1726,47.297,101.78
1727,53.385,91.901
1728,75.676,71.677
1729,59.976,107.24
1730,60.876,107.29
1731,71.757,92.399
1732,79.861,98.492
1733,80.583,106.85
1734,65.302,93.447
1735,79.72,110.7
1736,57.092,95.282
1737,70.256,95.96
1738,46.483,93.365
1739,46.129,104.26
1740,74.592,101.72
1741,43.539,86.691
1742,74.815,91.076
1743,71.443,90.185
1744,85.443,84.79
1745,40.276,99.463
1746,76.776,104.8
1747,60.084,102.95
1748,70.98,94.617
1749,58.229,113.55
1750,49.426,94.077
1751,63.21,103.52
1752,81.954,98.68
1753,40.214,108.54
1754,55.952,91.187
1755,82.685,79.531
1756,53.58,102.08
1757,71.749,109.51
1758,73.656,98.32
1759,63.425,89.735
1760,68.284,90.537
1761,57.347,86.587
1762,61.59,90.337
1763,63.72,113.12
1764,63.379,89.368
1765,70.263,109.09
1766,57.552,95.493
1767,65.125,105.37
1768,79.819,83.971
1769,76.694,105.83
1770,68.118,113.86
1771,50.424,105.71
1772,34.504,95.95
1773,72.032,101.77
1774,46.485,114.85
1775,73.989,110.68
1776,50.578,101.34
1777,70.662,104.11
1778,68.139,106.18
1779,68.786,108.31
1780,70.922,104.01
1781,71.032,86.786
1782,66.65,95.483
1783,51.543,98.485
1784,71.145,99.264
1785,53.735,92.42
1786,64.658,111.97
1787,70.421,111.12
1788,77.316,90.072
1789,60.98,106.1
1790,81.33,102.25
1791,66.199,99.361
1792,51.113,111.52
1793,60.011,108.21
1794,55.974,108.78
1795,57.209,100.3
1796,54.937,101.88
1797,53.943,109.96
1798,66.493,98.841
1799,50.812,111.67
1800,55.153,81.519
1801,74.296,118.82
1802,61.032,93.715
1803,52.278,101.24
1804,67.404,107.85
1805,46.348,100.94
1806,72.367,103.14
1807,40.6,108.15
1808,53.853,93.098
1809,67.905,102.8
1810,80.366,97.509
1811,72.094,108.76
1812,49.661,107.32
1813,63.705,92.431
1814,51.551,95.302
1815,59.259,98.32
1816,71.988,105.11
1817,56.263,108.87
1818,55.024,97.185
1819,50.304,94.479
1820,74.45,110.14
1821,82.813,86.916
1822,74.147,99.196
1823,84.696,86.118
1824,59.568,107.23
1825,63.648,105.75
1826,68.864,107.31
1827,67.606,99.168
1828,58.887,88.385
1829,80.683,99.169
1830,74.626,88.497
1831,65.586,101.55
1832,69.02,95.697
1833,69.455,97.71
1834,61.305,88.647
1835,71.846,104.31
1836,53.157,102.67
1837,61.538,95.767
1838,46.97,107.73
1839,73.029,102.98
1840,68.186,100.16
1841,66.502,112.09
1842,67.749,82.966
1843,83.561,82.477
1844,74.116,119.65
1845,58.889,101.03
1846,55.335,91.681
1847,72.079,107.19
1848,73.339,103.57
1849,72.267,118.6
1850,41.556,107.17
1851,64.009,84.103
1852,51.003,100.47
1853,41.146,99.13
1854,76.958,107.46
1855,75.537,107.17
1856,61.939,101.98
1857,52.051,101.44
1858,64.752,103.63
1859,60.648,86.916
1860,71.793,103.58
1861,74.776,94.959
1862,50.108,97.841
1863,61.685,88.561
1864,67.486,95.538
1865,46.605,82.467
1866,61.704,100.1
1867,66.007,94.954
1868,74.568,102.64
1869,48.269,102.88
1870,65.57,106.67
1871,61.089,103.54
1872,57.785,84.514
1873,58.889,94.367
1874,70.222,105.04
1875,74.963,90.751
1876,63.79,98.286
1877,64.274,106.81
1878,67.67,108.18
1879,62.151,93.561
1880,52.17,103.95
1881,54.774,105.88
1882,76.465,101.77
1883,63.41,111.14
1884,65.612,98.064
1885,62.575,101.27
1886,77.503,88.352
1887,80.918,95.734
1888,68.649,92.136
1889,44.889,88.302
1890,74.045,107.32
1891,65.097,111.16
1892,66.042,92.486
1893,70.145,95.084
1894,68.625,116.82
1895,78.208,97.717
1896,59.052,92.086
1897,66.74,97.943
1898,57.233,104.08
1899,43.952,113.25
1900,55.883,118.69
1901,61.365,98.074
1902,67.562,91.403
1903,62.338,109.14
1904,72.124,106.77
1905,45.916,95.118
1906,68.639,86.587
1907,65.757,102.07
1908,69.396,107.41
1909,69.887,105.43
1910,77.885,114.61
1911,57.055,96.122
1912,60.389,101.32
1913,71.23,101.03
1914,77.796,98.397
1915,82.528,89.582
1916,73.251,106.97
1917,69.227,93.537
1918,71.985,97.146
1919,68.094,103.88
1920,67.772,83.444
1921,57.001,98.09
1922,51.315,75.304
1923,76.05,106.35
1924,48.107,81.702
1925,69.086,100.98
1926,73.629,84.198
1927,69.688,86.421
1928,66.074,116.94
1929,59.702,92.661
1930,34.474,107.62
1931,65.081,105.44
1932,60.962,91.464
1933,51.308,109.53
1934,82.186,101.2
1935,66.398,102.35
1936,60.687,94.333
1937,71.851,103.69
1938,65.296,100.35
1939,76.102,100.65
1940,67.187,95.295
1941,70.345,100.48
1942,57.53,106.07
1943,45.824,96.021
1944,71.278,92.971
1945,68.277,91.045
1946,67.18,103.36
1947,56.858,99.599
1948,52.571,94.915
1949,66.506,101.07
1950,49.338,112.39
1951,36.772,103.03
1952,60.394,99.178
1953,48.094,94.082
1954,64.92,84.293
1955,77.315,92.611
1956,65.186,100.34
1957,70.741,99.982
1958,61.667,93.846
1959,57.331,102.67
1960,68.497,85.211
1961,71.648,89.699
1962,82.719,92.672
1963,71.144,103.17
1964,78.169,115.48
1965,74.507,104.82
1966,65.698,110.33
1967,75.737,105.52
1968,67.493,83.033
1969,65.797,90.571
1970,73.607,91.84
1971,60.513,107.16
1972,69.738,104.59
1973,53.743,93.616
1974,75.509,102.63
1975,41.065,106.96
1976,59.221,88.667
1977,49.875,108.53
1978,69.447,92.95
1979,60.548,98.696
1980,49.173,112.03
1981,65.929,109.03
1982,59.257,103.54
1983,55.719,96.84
1984,68.616,100.58
1985,62.268,96.984
1986,57.555,105.69
1987,59.459,109.14
1988,64.832,116.96
1989,48.838,102.54
1990,50.901,97.799
1991,64.005,107.63
1992,57.1,114.42
1993,52.147,90.121
1994,64.398,92.92
1995,77.133,90.9
1996,59.224,101.6
1997,52.951,95.407
1998,69.805,109.14
1999,64.968,106.27
2000,22.718,139.3
2001,54.393,136.58
2002,34.465,140.58
2003,39.618,136.74
2004,31.742,127.45
2005,39.355,147.06
2006,37.226,152.19
2007,61.797,138.69
2008,54.62,124.41
2009,44.067,129.82
2010,53.621,127.27
2011,52.416,145.93
2012,59.616,131.82
2013,43.733,144.43
2014,65.724,153.52
2015,37.835,139.72
2016,59.898,128.16
2017,70.581,146.45
2018,66.162,147.21
2019,61.311,151.59
2020,50.395,131.17
2021,62.452,132.43
2022,55.692,128.24
2023,55.857,142.63
2024,65.693,142.97
2025,46.041,139.15
2026,38.333,147.27
2027,51.796,154.08
2028,48.55,158.29
2029,50.672,131.78
2030,48.671,144.81
2031,45.755,129.15
2032,57.64,139.95
2033,54.388,127.86
2034,65.071,122.5
2035,57.48,135.81
2036,50.054,149.85
2037,51.294,144.84
2038,46.535,155.05
2039,33.522,128.34
2040,52.986,132.51
2041,35.609,124.51
2042,41.304,148.49
2043,64.799,145.69
2044,43.321,146.45
2045,52.249,124.53
2046,39.504,125.88
2047,41.43,129.8
2048,61.662,134.33
2049,48.165,130.45
2050,54.656,138.15
2051,78.776,53.091
2052,66.225,71.705
2053,94.63,68.408
2054,105.92,59.915
2055,76.933,73.768
2056,78.536,50.814
2057,86.536,73.696
2058,86.234,65.581
2059,64.169,57.989
2060,82.583,60.161
2061,91.56,75.306
2062,77.992,59.352
2063,74.713,62.137
2064,80.762,63.595
2065,90.16,75.105
2066,74.549,75.812
2067,82.768,75.086
2068,89.98,56.36
2069,89.14,80.934
2070,54.282,78.786
2071,74.14,67.387
2072,69.169,90.101
2073,91.54,85.75
2074,84.122,54.33
2075,79.52,64.058
2076,90.77,69.761
2077,64.982,71.173
2078,73.855,75.497
2079,80.246,54.519
2080,74.318,64.621
2081,96.64,56.651
2082,94.95,65.18
2083,94.22,77.214
2084,74.299,69.251
2085,88.11,62.169
2086,85.861,65.365
2087,100.31,70.266
2088,72.726,58.492
2089,85.542,72.83
2090,75.457,66.42
2091,71.911,56.447
2092,69.135,58.456
2093,70.525,81.003
2094,90.69,66.374
2095,76.779,70.386
2096,76.159,64.581
2097,76.33,76.014
2098,73.901,68.452
2099,92.87,69.47
2100,95.22,52.301
2101,77.608,83.67
2102,76.358,52.567
2103,75.349,60.846
2104,105.94,63.125
2105,65.301,73.836
2106,63.706,54.935
2107,68.049,74.14
2108,85.831,65.15
2109,71.312,57.922
2110,87.72,74.123
2111,95.97,59.189
2112,78.264,57.844
2113,87.1,57.985
2114,88.19,68.491
2115,75.104,73.564
2116,89.53,49.366
2117,85.183,70.475
2118,83.228,73.398
2119,77.879,83.67
2120,77.5,73.343
2121,78.735,62.15
2122,78.803,77.204
2123,80.234,75.888
2124,84.115,69.637
2125,62.947,50.888
2126,71.423,81.107
2127,85.645,49.709
2128,80.192,61.573
2129,67.021,48.62
2130,72.746,63.812
2131,75.852,56.797
2132,84.168,67.91
2133,79.75,76.616
2134,67.048,60.516
2135,88.26,69.002
2136,73.723,52.765
2137,74.254,64.195
2138,70.511,76.64
2139,74.836,74.172
2140,74.009,48.257
2141,94.37,78.672
2142,75.894,67.908
2143,76.972,57.068
2144,94.08,83.852
2145,78.238,79.762
2146,82.251,59.84
2147,65.235,80.789
2148,85.937,72.591
2149,78.673,72.198
2150,66.011,59.151
2151,87.53,61.3
2152,98.95,57.552
2153,71.68,85.509
2154,104.7,70.615
2155,76.702,47.267
2156,87.82,66.938
2157,97.91,46.035
2158,71.917,68.173
2159,90.88,76.284
2160,90.9,53.61
2161,76.703,81.804
2162,73.19,56.388
2163,86.814,50.098
2164,75.069,81.386
2165,105.32,60.017
2166,67.722,61.395
2167,65.374,77.158
2168,79.381,64.009
2169,77.815,72.189
2170,86.976,68.64
2171,87.27,81.903
2172,93.36,54.736
2173,71.098,62.702
2174,75.827,57.786
2175,84.959,72.866
2176,72.607,90.205
2177,61.719,76.821
2178,84.933,76.414
2179,89.39,57.778
2180,85.777,50.496
2181,68.463,61.867
2182,85.471,54.397
2183,54.914,71.803
2184,78.69,89.474
2185,71.034,77.795
2186,68.839,74.724
2187,92.02,68.146
2188,80.774,64.247
2189,89.78,48.331
2190,84.935,73.672
2191,82.129,64.722
2192,90.84,74.363
2193,67.632,75.778
2194,90.52,83.845
2195,73.235,52.273
2196,92.18,47.488
2197,107.36,74.837
2198,70.785,45.96
2199,80.743,54.84
2200,84.017,91.517
2201,76.919,64.752
2202,86.095,81.343
2203,91.78,68.273
2204,90.1,72.768
2205,83.329,78.538
2206,72.589,81.468
2207,77.354,60.38
2208,96.33,62.542
2209,81.05,74.317
2210,93.79,103.5
2211,84.857,71.94
2212,87.72,83.094
2213,78.978,72.877
2214,69.177,62.262
2215,60.497,59.093
2216,90.16,83.284
2217,83.318,67.695
2218,69.612,72.575
2219,78.882,67.106
2220,98.66,69.091
2221,64.228,60.678
2222,81.328,79.896
2223,87.83,71.589
2224,82.295,75.356
2225,70.877,54.888
2226,100.33,71.052
2227,84.314,56.149
2228,83.685,72.608
2229,77.731,58.218
2230,80.874,63.087
2231,68.898,75.736
2232,71.021,63.992
2233,73.885,81.276
2234,70.265,77.772
2235,80.306,65.332
2236,83.192,72.177
2237,68.27,63.418
2238,83.826,71.703
2239,86.702,69.297
2240,79.075,79.693
2241,65.761,49.36
2242,94.64,77.842
2243,84.961,88.919
2244,67.664,53.088
2245,74.049,70.089
2246,81.503,76.976
2247,92.15,55.392
2248,73.341,51.679
2249,83.775,68.935
2250,82.789,51.763
2251,70.628,59.303
2252,80.467,63.749
2253,81.336,41.698
2254,88.18,72.996
2255,75.296,62.285
2256,89.06,59.476
2257,69.797,61.198
2258,87.99,77.149
2259,89.19,54.159
2260,71.168,59.121
2261,83.554,80.719
2262,81.215,69.257
2263,82.697,66.475
2264,76.166,85.654
2265,76.579,69.031
2266,87.54,69.745
2267,78.901,75.825
2268,85.157,72.697
2269,70.932,57.374
2270,80.775,61.806
2271,71.573,57.15
2272,84.402,64.346
2273,86.099,68.188
2274,73.007,81.701
2275,65.082,63.187
2276,72.749,69.114
2277,79.522,65.776
2278,82.216,78.537
2279,96.36,57.966
2280,67.065,68.249
2281,75.398,75.406
2282,72.216,59.118
2283,76.55,50.654
2284,73.716,74.853
2285,71.249,88.375
2286,77.015,63.086
2287,86.54,84.571
2288,61.771,58.66
2289,95.88,80.303
2290,71.1,64.582
2291,69.852,71.348
2292,85.826,56.909
2293,71.684,63.691
2294,67.115,62.281
2295,87.37,75.002
2296,66.919,71.392
2297,78.241,60.222
2298,80.993,56.781
2299,65.9,52.572
2300,75.727,64.373
2301,96.91,74.782
2302,70.308,55.86
2303,68.896,63.344
2304,74.423,79.896
2305,78.264,75.708
2306,70.805,60.59
2307,84.248,53.095
2308,78.41,75.648
2309,85.199,59.111
2310,63.993,60.21
2311,74.664,65.782
2312,88.42,68.869
2313,100.13,52.422
2314,88.52,53.023
2315,79.83,70.797
2316,86.667,66.045
2317,83.339,62.494
2318,64.615,77.822
2319,85.072,79.725
2320,82.551,93.474
2321,85.253,81.462
2322,73.054,64.295
2323,84.846,70.086
2324,91.3,58.864
2325,96.43,78.715
2326,68.704,72.94
2327,60.149,62.684
2328,73.989,65.81
2329,75.581,65.836
2330,88.43,78.612
2331,91.69,69.434
2332,81.327,52.789
2333,66.504,76.329
2334,76.492,65.068
2335,87.02,69.916
2336,93.91,75.628
2337,79.809,64.372
2338,69.754,78.04
2339,107.82,60.436
2340,101.94,75.85
2341,77.924,59.967
2342,71.817,86.499
2343,81.148,68.361
2344,76.593,44.534
2345,78.47,46.465
2346,85.835,73.434
2347,89.48,46.199
2348,73.927,65.616
2349,77.66,67.662
2350,77.925,81.485
2351,75.098,65.474
2352,80.697,61.85
2353,87.5,67.278
2354,98.76,66.679
2355,76.109,50.224
2356,58.805,54.516
2357,87.87,71.249
2358,84.658,68.08
2359,92.12,75.376
2360,83.363,62.395
2361,81.406,72.66
2362,68.621,66.809
2363,75.298,79.156
2364,82.861,65.172
2365,81.377,67.748
2366,94.14,85.626
2367,80.63,47.862
2368,84.717,59.839
2369,79.743,68.613
2370,82.602,72.584
2371,72.13,54.201
2372,70.117,88.889
2373,86.746,59.636
2374,77.416,67.734
2375,83.11,53.9
2376,89.33,61.297
2377,114.38,81.352
2378,76.867,57.122
2379,99.33,64.196
2380,45.741,52.999
2381,86.099,58.784
2382,79.32,71.236
2383,74.454,67.354
2384,91.06,55.809
2385,68.833,73.7
2386,69.771,70.427
2387,79.733,54.903
2388,76.791,66.529
2389,59.655,75.13
2390,80.701,61.105
2391,82.201,64.624
2392,75.953,60.068
2393,84.2,62.103
2394,82.812,73.954
2395,67.88,72.919
2396,58.901,55.019
2397,71.675,81.149
2398,82.806,71.457
2399,92.24,68.286
2400,78.852,76.032
2401,80.258,71.426
2402,61.295,80.891
2403,81.879,78.958
2404,84.267,77.227
2405,83.89,72.862
2406,82.439,68.298
2407,78.847,72.526
2408,77.458,65.481
2409,73.237,72.667
2410,77.046,68.25
2411,71.141,56.871
2412,69.066,40.404
2413,73.093,67.488
2414,74.195,72.877
2415,79.144,70.136
2416,78.219,63.038
2417,90.79,55.389
2418,72.156,71.401
2419,86.202,76.646
2420,77.716,55.046
2421,76.877,63.236
2422,91.17,64.268
2423,87.53,60.145
2424,83.133,62.965
2425,72.926,63.002
2426,61.791,83.186
2427,79.157,67.996
2428,72.273,69.423
2429,72.87,68.1
2430,69.756,58.351
2431,65.938,71.675
2432,73.378,85.627
2433,99.07,58.992
2434,69.492,55.161
2435,73.072,81.165
2436,84.183,62.606
2437,82.996,55.005
2438,84.549,77.69
2439,82.791,63.576
2440,78.588,77.489
2441,93.5,73.288
2442,95.61,74.653
2443,59.333,60.549
2444,90.26,59.095
2445,83.994,73.583
2446,81.49,44.313
2447,85.564,41.893
2448,60.772,71.44
2449,73.32,80.696
2450,72.634,56.399
2451,82.485,67.357
2452,65.587,53.693
2453,61.66,47.034
2454,63.655,71.588
2455,99.75,68.703
2456,70.462,79.983
2457,90.38,65.396
2458,71.825,63.96
2459,83.425,64.972
2460,82.779,78.591
2461,77.304,54.343
2462,81.145,70.18
2463,101.38,66.675
2464,80.458,74.985
2465,75.356,74.844
2466,96.14,70.355
2467,50.986,56.031
2468,95.28,60.727
2469,94.7,65.754
2470,88.16,54.46
2471,73.304,69.864
2472,60.963,76.413
2473,88.6,52.978
2474,81.424,61.196
2475,83.358,78.431
2476,73.51,66.109
2477,74.364,38.319
2478,89.91,60.1
2479,80.615,63.352
2480,87.37,47.308
2481,72.433,81.516
2482,76.53,53.264
2483,63.399,68.049
2484,92.8,73.594
2485,75.803,65.808
2486,97.72,75.212
2487,78.379,65.787
2488,86.464,78.25
2489,77.358,75.023
2490,99.76,56.805
2491,81.442,70.959
2492,84.566,68.844
2493,78.464,69.568
2494,88.44,63.407
2495,83.106,82.701
2496,72.347,54.451
2497,61.825,62.713
2498,80.397,71.306
2499,86.498,72.621
2500,71.484,60.681
2501,71.804,78.297
2502,86.021,69.77
2503,70.645,84.605
2504,81.708,64.139
2505,86.837,58.875
2506,88.41,58.903
2507,78.72,53.048
2508,60.063,56.796
2509,97.7,65.57
2510,97,81.574
2511,78.192,56.95
2512,78.085,48.903
2513,74.063,66.25
2514,84.94,63.06
2515,84.132,69.309
2516,77.399,54.425
2517,83.782,77.664
2518,65.114,65.292
2519,92.8,63.896
2520,71.307,84.839
2521,76.269,74.718
2522,69.198,65.672
2523,72.445,46.848
2524,59.198,65.28
2525,82.948,68.655
2526,69.878,71.257
2527,83.475,72.717
2528,95.37,60.531
2529,79.385,75.093
2530,72.151,71.947
2531,74.237,63.665
2532,82.921,77.792
2533,87.48,53.869
2534,87.34,80.182
2535,79.854,67.934
2536,80.681,73.414
2537,94.16,52.602
2538,67.466,81.544
2539,73.88,78.741
2540,102.76,78.321
2541,96.42,64.516
2542,73.238,77.646
2543,82.816,59.219
2544,62.983,78.241
2545,76.037,61.87
2546,73.821,68.459
2547,94.75,55.22
2548,76.827,58.506
2549,76.874,69.882
2550,100.11,63.262
2551,53.89,63.18
2552,91.08,64.558
2553,72.293,60.53
2554,68.553,53.431
2555,66.01,85.877
2556,86.579,70.827
2557,92.2,70.035
2558,83.042,62.237
2559,79.564,64.448
2560,62.041,62.95
2561,83.353,69.21
2562,73.91,64.388
2563,60.834,75.561
2564,82.195,60.558
2565,84.736,51.092
2566,78.859,66.086
2567,90.11,72.156
2568,83.594,74.699
2569,74.918,59.203
2570,79.186,75.654
2571,66.675,57.1
2572,73.847,84.07
2573,83.529,72.695
2574,87.77,56.021
2575,76.587,60.488
2576,84.686,63.215
2577,92.44,73.801
2578,62.306,57.035
2579,79.292,68.835
2580,74.403,88.539
2581,97.84,71.202
2582,83.065,79.346
2583,68.633,78.105
2584,84.56,62.054
2585,84.27,55.186
2586,60.254,67.207
2587,72.093,54.895
2588,97.61,77.887
2589,89.4,80.455
2590,87.57,94.26
2591,97.68,71.988
2592,77.521,77.6
2593,89.92,74.214
2594,81.325,70.959
2595,67.688,50.182
2596,95.24,69.406
2597,74.654,68.317
2598,71.311,88.267
2599,69.068,84.589
2600,97.76,65.387
2601,78.246,50.623
2602,74.455,74.777
2603,75.533,47.907
2604,73.896,57.897
2605,90.11,90.054
2606,63.441,72.5
2607,81.929,60.063
2608,71.597,66.245
2609,76.931,63.217
2610,60.345,67.387
2611,82.013,63.325
2612,93.81,52.266
2613,88.28,76.788
2614,73.373,71.86
2615,77.567,78.263
2616,88.31,74.685
2617,74.158,67.04
2618,68.679,71.812
2619,94.99,51.251
2620,76.113,72.078
2621,84.524,75.96
2622,80.643,68.535
2623,99.61,77.471
2624,86.032,73.162
2625,85.883,65.599
2626,101.42,58.419
2627,85.966,71.254
2628,66.82,58.848
2629,75.262,75.844
2630,82.535,56.797
2631,52.98,68.14
2632,68.115,58.718
2633,83.26,65.012
2634,87.95,64.584
2635,81.236,68.181
2636,90.57,84.037
2637,98.41,63.884
2638,82.94,68.226
2639,81.425,70.431
2640,95.38,74.425
2641,70.699,81.76
2642,94.41,70.395
2643,88.85,65.515
2644,82.236,73.652
2645,89.51,69.776
2646,80.818,56.475
2647,89.34,59.987
2648,93.92,58.025
2649,74.999,72.775
2650,80.3,81.676
2651,82.447,62.499
2652,75.329,56.421
2653,79.687,68.229
2654,92.81,74.789
2655,76.126,52.342
2656,84.316,77.496
2657,72.743,57.858
2658,76.716,75.717
2659,62.766,79.25
2660,74.237,79.674
2661,92.93,56.819
2662,46.5,55.508
2663,113.92,51.059
2664,88.92,64.799
2665,81.313,81.678
2666,80.89,92.404
2667,97.7,61.684
2668,68.666,72.105
2669,75.941,76.528
2670,63.615,56.058
2671,90.82,46.628
2672,77.596,74.763
2673,80.454,62.65
2674,62.614,71.032
2675,77.057,58.631
2676,90.34,87.004
2677,75.817,69.305
2678,68.668,70.347
2679,73.554,43.4
2680,82.779,74.398
2681,80.057,70.26
2682,73.675,57.426
2683,71.414,64.438
2684,69.919,65.592
2685,64.543,67.024
2686,80.588,67.548
2687,63.501,65.117
2688,82.79,48.78
2689,86.302,70.768
2690,61.489,45.641
2691,92.68,57.856
2692,74.737,56.537
2693,99.93,66.291
2694,92.34,70.918
2695,77.784,63.217
2696,92.01,85.582
2697,75.644,73.675
2698,68.898,54.204
2699,60.283,81.203
2700,78.291,63.402
2701,95.31,67.022
2702,103.1,62.519
2703,74.674,75.914
2704,82.975,77.826
2705,84.516,67.792
2706,78.413,74.249
2707,85.307,72.796
2708,63.84,64.59
2709,77.353,76.646
2710,77.393,44.051
2711,66.939,72.128
2712,79.123,82.317
2713,67.228,71.832
2714,86.059,71.43
2715,69.816,72.85
2716,74.306,49.729
2717,69.115,60.74
2718,101.61,64.89
2719,88.31,60.623
2720,78.599,77.793
2721,78.017,78.109
2722,92.85,64.508
2723,59.513,76.489
2724,79.897,42.83
2725,94.17,72.369
2726,88.89,52.702
2727,80.698,86.444
2728,71.77,57.311
2729,88.02,81.235
2730,83.549,60.901
2731,65.735,64.255
2732,75.898,90.694
2733,67.399,63.173
2734,73.044,49.683
2735,100.12,58.746
2736,74.381,53.388
2737,73.448,71.376
2738,82.947,59.748
2739,62.578,63.88
2740,73.633,82.739
2741,81.993,66.009
2742,82.393,72.188
2743,89.12,72.487
2744,61.932,59.134
2745,80.434,55.4
2746,83.808,74.775
2747,91.84,57.269
2748,70.518,69.013
2749,86.278,50.765
2750,82.432,58.085
2751,78.765,78.419
2752,70.728,79.764
2753,78.299,65.417
2754,81.621,50.124
2755,80.6,71.155
2756,90.11,66.174
2757,80.754,87.094
2758,71.24,55.556
2759,78.353,85.337
2760,71.517,64.566
2761,81.431,76.994
2762,72.027,52.801
2763,71.781,78.969
2764,108.67,74.836
2765,83.014,75.278
2766,92.94,76.059
2767,90.52,63.791
2768,63.529,73.313
2769,80.672,76.228
2770,66.814,63.295
2771,82.377,50.475
2772,59.832,68.139
2773,80.165,58.029
2774,82.255,94.133
2775,79.067,79.743
2776,67.836,75.523
2777,85.974,54.151
2778,78.333,77.698
2779,70.674,68.046
2780,71.205,62.073
2781,75.426,68.012
2782,87.37,73.085
2783,75.881,52.362
2784,78.684,50.515
2785,93.17,65.331
2786,79.571,75.809
2787,97.76,64.904
2788,74.253,72.341
2789,68.763,67.446
2790,97.68,62.425
2791,94.78,48.807
2792,54.488,48.081
2793,81.158,72.03
2794,91.11,78.82
2795,79.674,63.499
2796,87.82,47.718
2797,84.592,70.031
2798,97.19,69.438
2799,90.61,81.676
2800,94.98,56.227
2801,89.39,95.966
2802,83.09,67.061
2803,93.21,41.639
2804,64.644,66.206
2805,83.642,60.191
2806,78.84,73.911
2807,85.825,51.822
2808,87.21,55.828
2809,72.7,65.716
2810,75.879,58.646
2811,75.831,64.2
2812,79.758,70.811
2813,78.616,61.015
2814,74.981,60.217
2815,74.859,67.713
2816,76.795,59.371
2817,53.564,62.922
2818,78.285,76.947
2819,63.977,58.883
2820,82.376,62.849
2821,55.13,83.069
2822,89.24,69.217
2823,77.893,56.205
2824,87.46,70.39
2825,77.283,73.544
2826,87.23,72.82
2827,87.15,60.75
2828,70.351,60.813
2829,75.312,60.39
2830,87.94,44.298
2831,89.88,67.745
2832,74.064,71.946
2833,65.653,74.648
2834,70.337,76.488
2835,79.201,63.42
2836,72.697,66.833
2837,76.4,71.596
2838,70.863,59.058
2839,84.031,51.302
2840,92.44,59.611
2841,81.057,56.056
2842,90.91,71.494
2843,84.198,73.601
2844,83.761,67.195
2845,79.151,49.663
2846,83.745,54.753
2847,103.63,66.637
2848,82.05,75.011
2849,89.09,59.231
2850,62.661,64.899
2851,101.26,50.232
2852,79.692,69.211
2853,57.711,70.905
2854,65.008,88.567
2855,77.682,67.214
2856,75.446,64.869
2857,94.57,70.923
2858,107.57,62.554
2859,63.249,65.582
2860,77.17,72.927
2861,72.42,60.723
2862,69.636,39.21
2863,88.52,70.131
2864,78.073,67.549
2865,74.409,59.674
2866,93.59,66.836
2867,93.71,69.433
2868,86.6,68.402
2869,75.599,71.485
2870,74.165,68.761
2871,82.318,48.623
2872,82.891,63.916
2873,81.86,69.718
2874,84.986,81.955
2875,78.013,64.066
2876,81.723,69.127
2877,95.02,54.89
2878,76.094,77.72
2879,95.77,61.058
2880,85.29,56.475
2881,79.057,60.573
2882,94.22,63.701
2883,79.432,69.221
2884,79.349,60.29
2885,77.496,77.77
2886,64.38,74.626
2887,65.372,68.24
2888,75.992,72.043
2889,92.6,47.154
2890,90.1,65.09
2891,72.444,60.864
2892,97.34,65.058
2893,73.135,44.526
2894,90.38,64.807
2895,63.624,56.306
2896,80.993,73.712
2897,102.68,60.815
2898,75.154,69.578
2899,89.33,54.813
2900,79.03,63.293
2901,95.1,65.686
2902,85.076,75.799
2903,84.904,45.406
2904,61.667,82.64
2905,87.56,64.481
2906,93.98,61.796
2907,62.639,77.247
2908,74.803,57.106
2909,70.915,71.353
2910,86.311,63.729
2911,82.7,59.049
2912,64.855,72.769
2913,70.463,65.845
2914,83.098,62.909
2915,68.33,52.453
2916,88.09,81.297
2917,71.188,44.328
2918,86.273,49.304
2919,77.022,41.98
2920,93.55,78.91
2921,64.199,63.54
2922,77.805,81.445
2923,97.9,91.854
2924,72.058,76.815
2925,77.434,72.4
2926,61.204,69.626
2927,93.53,72.404
2928,73.07,66.906
2929,72.6,69.004
2930,78.389,75.181
2931,85.604,68.992
2932,61.395,69.44
2933,64.057,46.858
2934,64.214,77.976
2935,76.114,74.692
2936,82.982,55.583
2937,73.472,77.424
2938,77.756,73.299
2939,69.915,72.497
2940,69.596,96.358
2941,84.935,79.191
2942,69.339,58.255
2943,89.36,82.214
2944,92.12,63.381
2945,93.83,38.204
2946,84.619,65.666
2947,71.732,71.427
2948,78.487,53.879
2949,79.301,49.691
2950,66.706,59.543
2951,81.535,77.862
2952,86.21,84.055
2953,73.846,59.272
2954,76.252,73.087
2955,91.45,52.752
2956,72.679,56.912
2957,64.335,78.649
2958,85.663,61.241
2959,90.04,62.388
2960,70.51,58.194
2961,79.598,61.428
2962,73.663,46.518
2963,66.053,69.642
2964,74.076,72.601
2965,74.705,66.623
2966,90.57,91.508
2967,96.61,69.132
2968,86.731,60.161
2969,78.251,69.858
2970,93.54,54.968
2971,94.63,66.346
2972,69.709,69.977
2973,76.621,77.278
2974,89.44,56.12
2975,69.141,73.731
2976,72.931,67.327
2977,86.282,83.197
2978,91.78,59.106
2979,59.645,56.709
2980,68.38,64.018
2981,84.682,54.257
2982,98.05,79.739
2983,51.72,69.762
2984,71.913,64.013
2985,84.791,59.362
2986,71.991,61.234
2987,92.01,58.296
2988,88.71,61.898
2989,95.52,54.906
2990,86.536,65.607
2991,58.342,67.849
2992,79.693,69.932
2993,89.86,60.982
2994,79.803,81.938
2995,93.65,58.261
2996,95.65,70.539
2997,92.77,74.627
2998,74.465,66.499
2999,100.72,64.744
3000,74.88,52.123
